{
  "CIFAR10": {
    "means": [
      125.306918046875,
      122.950394140625,
      113.86538318359375
    ],
    "stddevs": [
      51.56153983642604,
      50.82543150517769,
      51.22018274658006
    ],
    "means_normalized": [
      0.49139967861519607,
      0.48215840839460783,
      0.44653091444546567
    ],
    "stddevs_normalized": [
      0.20220211700559232,
      0.1993154176673635,
      0.20086346175129435
    ]
  },
  "CIFAR100": {
    "means": [
      129.30416560546874,
      124.0699626953125,
      112.43405005859375
    ],
    "stddevs": [
      51.203603348263634,
      50.57829830920532,
      51.56057864694078
    ],
    "means_normalized": [
      0.5070751592371323,
      0.48654887331495095,
      0.4409178433670343
    ],
    "stddevs_normalized": [
      0.20079844450299464,
      0.19834626787923657,
      0.2021983476350619
    ]
  },
  "Country211": {
    "means": [
      116.52073960668987,
      114.81897588751131,
      107.29598550090219
    ],
    "stddevs": [
      60.0939864740319,
      58.74699006189881,
      61.33330473371332
    ],
    "means_normalized": [
      0.45694407688897987,
      0.45027049367651495,
      0.4207685705917733
    ],
    "stddevs_normalized": [
      0.23566269205502707,
      0.23038035318391692,
      0.24052276366162087
    ]
  },
  "DTD": {
    "means": [
      134.84249372940545,
      120.62584952752495,
      108.30247974742882
    ],
    "stddevs": [
      46.91050489336002,
      47.1153275571669,
      46.07049314574649
    ],
    "means_normalized": [
      0.5287940930564919,
      0.4730425471667645,
      0.424715606852662
    ],
    "stddevs_normalized": [
      0.18396276428768635,
      0.18476599042026234,
      0.18066860057155487
    ]
  },
  "EuroSAT": {
    "means": [
      87.81586935763889,
      96.97416420717593,
      103.98142336697049
    ],
    "stddevs": [
      23.29876866209748,
      16.605196541198612,
      14.086304055095843
    ],
    "means_normalized": [
      0.3443759582652505,
      0.3802908400281409,
      0.40777028771360974
    ],
    "stddevs_normalized": [
      0.09136772024351952,
      0.06511841780862201,
      0.055240408059199386
    ]
  },
  "FGVCAircraft": {
    "means": [
      122.71844176391845,
      130.59841978452062,
      136.56595448893913
    ],
    "stddevs": [
      50.11939491892121,
      49.837846815923946,
      55.36346548570382
    ],
    "means_normalized": [
      0.48124879123105274,
      0.5121506658216495,
      0.535552762701722
    ],
    "stddevs_normalized": [
      0.1965466467408675,
      0.1954425365330351,
      0.21711162935570125
    ]
  },
  "FakeData": {
    "means": [
      127.29937934470662,
      127.319926040338,
      127.306883071588
    ],
    "stddevs": [
      74.01785982713551,
      74.01686584980038,
      74.01783182242053
    ],
    "means_normalized": [
      0.49921325233218283,
      0.49929382760916863,
      0.4992426787121098
    ],
    "stddevs_normalized": [
      0.2902661169691589,
      0.29026221901882504,
      0.29026600714674716
    ]
  },
  "FashionMNIST": {
    "means": [
      72.94035223214286
    ],
    "stddevs": [
      81.66347598494626
    ],
    "means_normalized": [
      0.2860405969887955
    ],
    "stddevs_normalized": [
      0.3202489254311618
    ]
  },
  "Flowers102": {
    "means": [
      110.40490901028872,
      97.38960629450618,
      75.57616956594079
    ],
    "stddevs": [
      66.82818690080373,
      54.38279661411284,
      57.33302422756008
    ],
    "means_normalized": [
      0.4329604274913283,
      0.38192002468433794,
      0.29637713555270895
    ],
    "stddevs_normalized": [
      0.26207132117962245,
      0.21326586907495232,
      0.22483538912768658
    ]
  },
  "Food101": {
    "means": [
      138.9721446346001,
      113.09079881589169,
      87.61903265930974
    ],
    "stddevs": [
      59.53922371855158,
      62.27775936480445,
      61.75079904093264
    ],
    "means_normalized": [
      0.5449888024886279,
      0.4434933286897713,
      0.3436040496443519
    ],
    "stddevs_normalized": [
      0.2334871518374572,
      0.24422650731295864,
      0.24215999623895154
    ]
  },
  "ImageNet": {
    "means": [
      123.675,
      116.28,
      103.53
    ],
    "stddevs": [
      58.395,
      57.120000000000005,
      57.375
    ],
    "means_normalized": [
      0.485,
      0.456,
      0.406
    ],
    "stddevs_normalized": [
      0.229,
      0.224,
      0.225
    ]
  },
  "Imagenette": {
    "means": [
      117.94377724018173,
      116.79238056009491,
      109.51793502489015
    ],
    "stddevs": [
      62.51394393357613,
      60.94024392082568,
      62.935348966213205
    ],
    "means_normalized": [
      0.46252461662816363,
      0.45800933552978396,
      0.42948209813682414
    ],
    "stddevs_normalized": [
      0.2451527213081417,
      0.2389813487091203,
      0.2468052900635812
    ]
  },
  "KMNIST": {
    "means": [
      48.899347576530616
    ],
    "stddevs": [
      86.26921719104577
    ],
    "means_normalized": [
      0.1917621473589436
    ],
    "stddevs_normalized": [
      0.33831065565115986
    ]
  },
  "Kitti": {
    "means": [
      93.83309081662081,
      98.76049671976709,
      95.87739305399163
    ],
    "stddevs": [
      78.781473957362,
      80.1303281004528,
      81.19954494926854
    ],
    "means_normalized": [
      0.36797290516321884,
      0.38729606556771407,
      0.3759897766823201
    ],
    "stddevs_normalized": [
      0.30894695669553723,
      0.3142365807860894,
      0.31842958803634724
    ]
  },
  "MNIST": {
    "means": [
      33.318421449829934
    ],
    "stddevs": [
      76.83453865617214
    ],
    "means_normalized": [
      0.1306604762738429
    ],
    "stddevs_normalized": [
      0.3013119162987143
    ]
  },
  "Omniglot": {
    "means": [
      235.12539030965075
    ],
    "stddevs": [
      66.87308601914604
    ],
    "means_normalized": [
      0.9220603541554931
    ],
    "stddevs_normalized": [
      0.2622473961535139
    ]
  },
  "QMNIST": {
    "means": [
      33.36251662414966
    ],
    "stddevs": [
      77.00712750257821
    ],
    "means_normalized": [
      0.13083339852607712
    ],
    "stddevs_normalized": [
      0.3019887353042283
    ]
  },
  "RenderedSST2": {
    "means": [
      251.0997346212718,
      251.0997346212718,
      251.0997346212718
    ],
    "stddevs": [
      26.51826468367822,
      26.51826468367822,
      26.51826468367822
    ],
    "means_normalized": [
      0.9847048416520463,
      0.9847048416520463,
      0.9847048416520463
    ],
    "stddevs_normalized": [
      0.1039931948379538,
      0.1039931948379538,
      0.1039931948379538
    ]
  },
  "SBDataset": {
    "means": [
      116.92473436824983,
      111.91541178319082,
      103.47193476150414
    ],
    "stddevs": [
      61.13262248499031,
      60.041230679428956,
      61.18065516340443
    ],
    "means_normalized": [
      0.45852837007156794,
      0.4388839677772189,
      0.4057722931823692
    ],
    "stddevs_normalized": [
      0.23973577445094238,
      0.2354558065859959,
      0.23992413789570366
    ]
  },
  "SBU": {
    "means": [
      120.16289058669079,
      115.99405359649678,
      106.92228442691547
    ],
    "stddevs": [
      57.6923251582845,
      56.384870015324715,
      58.815178571112334
    ],
    "means_normalized": [
      0.47122702190859134,
      0.45487864155488933,
      0.4193030761839822
    ],
    "stddevs_normalized": [
      0.2262444123854294,
      0.22111713731499888,
      0.23064775910240132
    ]
  },
  "SEMEION": {
    "means": [
      83.79943502824858
    ],
    "stddevs": [
      118.618371337136
    ],
    "means_normalized": [
      0.3286252354048964
    ],
    "stddevs_normalized": [
      0.46517008367504314
    ]
  },
  "STL10": {
    "means": [
      113.91120826822915,
      112.1515091579861,
      103.69484401041667
    ],